product_id,width_min,width_max,length_min,length_max,retail_price,housing_code
514,48.0,59.88,84.0,95.88,3398.0,H6EX
514,60.0,71.88,84.0,95.88,3542.0,H6EX
514,72.0,83.88,84.0,95.88,3686.0,H6EX
514,84.0,95.88,84.0,95.88,3829.0,H6EX
514,96.0,107.88,84.0,95.88,3973.0,H6EX
514,108.0,119.88,84.0,95.88,4117.0,H6EX
514,120.0,131.88,84.0,95.88,4261.0,H6EX
514,132.0,143.88,84.0,95.88,4405.0,H6EX
514,144.0,155.88,84.0,95.88,4523.0,H6EX
514,156.0,167.88,84.0,95.88,4667.0,H6EX
514,168.0,179.88,84.0,95.88,4811.0,H6EX
514,180.0,191.88,84.0,95.88,4954.0,H6EX
514,192.0,203.88,84.0,95.88,5098.0,H75EX
514,204.0,215.88,84.0,95.88,5242.0,H75EX
514,216.0,227.88,84.0,95.88,5386.0,H75EX
514,228.0,239.88,84.0,95.88,5530.0,H75EX
514,240.0,251.88,84.0,95.88,5673.0,H85EX
514,252.0,263.88,84.0,95.88,6789.0,H85EX
514,264.0,275.88,84.0,95.88,6971.0,H85EX
514,276.0,287.88,84.0,95.88,7154.0,H85EX
514,288.0,299.88,84.0,95.88,7336.0,H85EX
514,300.0,311.88,84.0,95.88,7518.0,H85EX
514,312.0,323.88,84.0,95.88,7898.0,H85EX
514,324.0,335.88,84.0,95.88,8074.0,H85EX
514,336.0,347.88,84.0,95.88,8249.0,H85EX
514,348.0,359.88,84.0,95.88,8424.0,H85EX
514,360.0,371.88,84.0,95.88,8600.0,H85EX
514,48.0,59.88,96.0,107.88,3512.0,H6EX
514,60.0,71.88,96.0,107.88,3661.0,H6EX
514,72.0,83.88,96.0,107.88,3810.0,H6EX
514,84.0,95.88,96.0,107.88,3958.0,H6EX
514,96.0,107.88,96.0,107.88,4107.0,H6EX
514,108.0,119.88,96.0,107.88,4256.0,H6EX
514,120.0,131.88,96.0,107.88,4404.0,H6EX
514,132.0,143.88,96.0,107.88,4553.0,H6EX
514,144.0,155.88,96.0,107.88,4673.0,H6EX
514,156.0,167.88,96.0,107.88,4821.0,H6EX
514,168.0,179.88,96.0,107.88,4970.0,H6EX
514,180.0,191.88,96.0,107.88,5119.0,H6EX
514,192.0,203.88,96.0,107.88,5267.0,H75EX
514,204.0,215.88,96.0,107.88,5416.0,H75EX
514,216.0,227.88,96.0,107.88,5565.0,H75EX
514,228.0,239.88,96.0,107.88,5713.0,H75EX
514,240.0,251.88,96.0,107.88,5862.0,H85EX
514,252.0,263.88,96.0,107.88,6987.0,H85EX
514,264.0,275.88,96.0,107.88,7174.0,H85EX
514,276.0,287.88,96.0,107.88,7361.0,H85EX
514,288.0,299.88,96.0,107.88,7548.0,H85EX
514,300.0,311.88,96.0,107.88,7735.0,H85EX
514,312.0,323.88,96.0,107.88,8120.0,H85EX
514,324.0,335.88,96.0,107.88,8300.0,H85EX
514,336.0,347.88,96.0,107.88,8480.0,H85EX
514,348.0,359.88,96.0,107.88,8660.0,H85EX
514,360.0,371.88,96.0,107.88,8841.0,H85EX
514,48.0,59.88,108.0,119.88,3587.0,H6EX
514,60.0,71.88,108.0,119.88,3740.0,H6EX
514,72.0,83.88,108.0,119.88,3894.0,H6EX
514,84.0,95.88,108.0,119.88,4047.0,H6EX
514,96.0,107.88,108.0,119.88,4200.0,H6EX
514,108.0,119.88,108.0,119.88,4354.0,H6EX
514,120.0,131.88,108.0,119.88,4507.0,H6EX
514,132.0,143.88,108.0,119.88,4661.0,H6EX
514,144.0,155.88,108.0,119.88,4782.0,H6EX
514,156.0,167.88,108.0,119.88,4936.0,H6EX
514,168.0,179.88,108.0,119.88,5089.0,H6EX
514,180.0,191.88,108.0,119.88,5243.0,H6EX
514,192.0,203.88,108.0,119.88,5396.0,H75EX
514,204.0,215.88,108.0,119.88,5550.0,H75EX
514,216.0,227.88,108.0,119.88,5703.0,H75EX
514,228.0,239.88,108.0,119.88,5857.0,H75EX
514,240.0,251.88,108.0,119.88,6010.0,H85EX
514,252.0,263.88,108.0,119.88,7144.0,H85EX
514,264.0,275.88,108.0,119.88,7336.0,H85EX
514,276.0,287.88,108.0,119.88,7528.0,H85EX
514,288.0,299.88,108.0,119.88,7720.0,H85EX
514,300.0,311.88,108.0,119.88,7911.0,H85EX
514,312.0,323.88,108.0,119.88,8302.0,H85EX
514,324.0,335.88,108.0,119.88,8487.0,H85EX
514,336.0,347.88,108.0,119.88,8671.0,H85EX
514,348.0,359.88,108.0,119.88,8856.0,H85EX
514,360.0,371.88,108.0,119.88,9041.0,H85EX
514,48.0,59.88,120.0,131.88,3701.0,H6EX
514,60.0,71.88,120.0,131.88,3859.0,H6EX
514,72.0,83.88,120.0,131.88,4018.0,H6EX
514,84.0,95.88,120.0,131.88,4176.0,H6EX
514,96.0,107.88,120.0,131.88,4334.0,H6EX
514,108.0,119.88,120.0,131.88,4492.0,H6EX
514,120.0,131.88,120.0,131.88,4651.0,H6EX
514,132.0,143.88,120.0,131.88,4809.0,H6EX
514,144.0,155.88,120.0,131.88,4932.0,H6EX
514,156.0,167.88,120.0,131.88,5091.0,H6EX
514,168.0,179.88,120.0,131.88,5249.0,H6EX
514,180.0,191.88,120.0,131.88,5407.0,H6EX
514,192.0,203.88,120.0,131.88,5565.0,H75EX
514,204.0,215.88,120.0,131.88,5724.0,H75EX
514,216.0,227.88,120.0,131.88,5882.0,H75EX
514,228.0,239.88,120.0,131.88,6040.0,H75EX
514,240.0,251.88,120.0,131.88,6198.0,H85EX
514,252.0,263.88,120.0,131.88,7342.0,H85EX
514,264.0,275.88,120.0,131.88,7539.0,H85EX
514,276.0,287.88,120.0,131.88,7735.0,H85EX
514,288.0,299.88,120.0,131.88,7932.0,H85EX
514,300.0,311.88,120.0,131.88,8128.0,H85EX
514,312.0,323.88,120.0,131.88,8523.0,H85EX
514,324.0,335.88,120.0,131.88,8713.0,H85EX
514,336.0,347.88,120.0,131.88,8903.0,H85EX
514,348.0,359.88,120.0,131.88,9093.0,H85EX
514,360.0,371.88,120.0,131.88,9282.0,H85EX
514,48.0,59.88,132.0,143.88,3775.0,H6EX
514,60.0,71.88,132.0,143.88,3938.0,H6EX
514,72.0,83.88,132.0,143.88,4101.0,H6EX
514,84.0,95.88,132.0,143.88,4264.0,H6EX
514,96.0,107.88,132.0,143.88,4428.0,H6EX
514,108.0,119.88,132.0,143.88,4591.0,H6EX
514,120.0,131.88,132.0,143.88,4754.0,H6EX
514,132.0,143.88,132.0,143.88,4917.0,H6EX
514,144.0,155.88,132.0,143.88,5042.0,H6EX
514,156.0,167.88,132.0,143.88,5205.0,H6EX
514,168.0,179.88,132.0,143.88,5368.0,H6EX
514,180.0,191.88,132.0,143.88,5531.0,H6EX
514,192.0,203.88,132.0,143.88,5694.0,H75EX
514,204.0,215.88,132.0,143.88,5857.0,H75EX
514,216.0,227.88,132.0,143.88,6020.0,H75EX
514,228.0,239.88,132.0,143.88,6184.0,H75EX
514,240.0,251.88,132.0,143.88,6347.0,H85EX
514,252.0,263.88,132.0,143.88,7499.0,H85EX
514,264.0,275.88,132.0,143.88,7701.0,H85EX
514,276.0,287.88,132.0,143.88,7902.0,H85EX
514,288.0,299.88,132.0,143.88,8104.0,H85EX
514,300.0,311.88,132.0,143.88,8305.0,H85EX
514,312.0,323.88,132.0,143.88,8705.0,H85EX
514,324.0,335.88,132.0,143.88,8899.0,H85EX
514,336.0,347.88,132.0,143.88,9094.0,H85EX
514,348.0,359.88,132.0,143.88,9288.0,H85EX
514,360.0,371.88,132.0,143.88,9483.0,H85EX
514,48.0,59.88,144.0,155.88,3948.0,H75EX
514,60.0,71.88,144.0,155.88,4116.0,H75EX
514,72.0,83.88,144.0,155.88,4284.0,H75EX
514,84.0,95.88,144.0,155.88,4452.0,H75EX
514,96.0,107.88,144.0,155.88,4620.0,H75EX
514,108.0,119.88,144.0,155.88,4788.0,H75EX
514,120.0,131.88,144.0,155.88,4956.0,H75EX
514,132.0,143.88,144.0,155.88,5124.0,H75EX
514,144.0,155.88,144.0,155.88,5251.0,H75EX
514,156.0,167.88,144.0,155.88,5419.0,H75EX
514,168.0,179.88,144.0,155.88,5586.0,H85EX
514,180.0,191.88,144.0,155.88,5754.0,H85EX
514,192.0,203.88,144.0,155.88,5922.0,H85EX
514,204.0,215.88,144.0,155.88,6872.0,H85EX
514,216.0,227.88,144.0,155.88,7078.0,H85EX
514,228.0,239.88,144.0,155.88,7285.0,H85EX
514,240.0,251.88,144.0,155.88,7491.0,H85EX
514,252.0,263.88,144.0,155.88,7697.0,H85EX
514,264.0,275.88,144.0,155.88,7903.0,H85EX
514,276.0,287.88,144.0,155.88,8109.0,H85EX
514,288.0,299.88,144.0,155.88,8316.0,H85EX
514,300.0,311.88,144.0,155.88,8522.0,H85EX
514,312.0,323.88,144.0,155.88,8926.0,H85EX
514,324.0,335.88,144.0,155.88,9126.0,H85EX
514,336.0,347.88,144.0,155.88,9325.0,H85EX
514,348.0,359.88,144.0,155.88,9525.0,H85EX
514,360.0,371.88,144.0,155.88,9724.0,H85EX
514,48.0,59.88,156.0,167.88,4311.0,H75EX
514,60.0,71.88,156.0,167.88,4522.0,H75EX
514,72.0,83.88,156.0,167.88,4733.0,H75EX
514,84.0,95.88,156.0,167.88,4944.0,H75EX
514,96.0,107.88,156.0,167.88,5155.0,H75EX
514,108.0,119.88,156.0,167.88,5366.0,H75EX
514,120.0,131.88,156.0,167.88,5577.0,H75EX
514,132.0,143.88,156.0,167.88,5788.0,H75EX
514,144.0,155.88,156.0,167.88,5955.0,H75EX
514,156.0,167.88,156.0,167.88,6166.0,H75EX
514,168.0,179.88,156.0,167.88,6377.0,H85EX
514,180.0,191.88,156.0,167.88,6588.0,H85EX
514,192.0,203.88,156.0,167.88,6799.0,H85EX
514,204.0,215.88,156.0,167.88,7010.0,H85EX
514,216.0,227.88,156.0,167.88,7221.0,H85EX
514,228.0,239.88,156.0,167.88,7432.0,H85EX
514,240.0,251.88,156.0,167.88,7643.0,H85EX
514,252.0,263.88,156.0,167.88,7854.0,H85EX
514,264.0,275.88,156.0,167.88,8065.0,H85EX
514,276.0,287.88,156.0,167.88,8276.0,H85EX
514,288.0,299.88,156.0,167.88,8487.0,H85EX
514,300.0,311.88,156.0,167.88,8698.0,H85EX
514,312.0,323.88,156.0,167.88,9108.0,H85EX
514,324.0,335.88,156.0,167.88,9312.0,H85EX
514,336.0,347.88,156.0,167.88,9516.0,H85EX
514,348.0,359.88,156.0,167.88,9721.0,H85EX
514,360.0,371.88,156.0,167.88,9925.0,H85EX
514,48.0,59.88,168.0,179.88,4430.0,H75EX
514,60.0,71.88,168.0,179.88,4646.0,H75EX
514,72.0,83.88,168.0,179.88,4862.0,H75EX
514,84.0,95.88,168.0,179.88,5077.0,H75EX
514,96.0,107.88,168.0,179.88,5293.0,H75EX
514,108.0,119.88,168.0,179.88,5509.0,H75EX
514,120.0,131.88,168.0,179.88,5725.0,H75EX
514,132.0,143.88,168.0,179.88,5941.0,H75EX
514,144.0,155.88,168.0,179.88,6109.0,H75EX
514,156.0,167.88,168.0,179.88,6325.0,H75EX
514,168.0,179.88,168.0,179.88,6541.0,H85EX
514,180.0,191.88,168.0,179.88,6757.0,H85EX
514,192.0,203.88,168.0,179.88,6973.0,H85EX
514,204.0,215.88,168.0,179.88,7189.0,H85EX
514,216.0,227.88,168.0,179.88,7404.0,H85EX
514,228.0,239.88,168.0,179.88,7620.0,H85EX
514,240.0,251.88,168.0,179.88,7836.0,H85EX
514,252.0,263.88,168.0,179.88,8052.0,H85EX
514,264.0,275.88,168.0,179.88,8268.0,H85EX
514,276.0,287.88,168.0,179.88,8484.0,H85EX
514,288.0,299.88,168.0,179.88,8699.0,H85EX
514,300.0,311.88,168.0,179.88,8915.0,H85EX
514,312.0,323.88,168.0,179.88,9330.0,H85EX
514,324.0,335.88,168.0,179.88,9539.0,H85EX
514,336.0,347.88,168.0,179.88,9748.0,H85EX
514,348.0,359.88,168.0,179.88,9957.0,H85EX
514,360.0,371.88,168.0,179.88,10166.0,H85EX
514,48.0,59.88,180.0,191.88,4509.0,H75EX
514,60.0,71.88,180.0,191.88,4729.0,H75EX
514,72.0,83.88,180.0,191.88,4950.0,H75EX
514,84.0,95.88,180.0,191.88,5171.0,H75EX
514,96.0,107.88,180.0,191.88,5391.0,H75EX
514,108.0,119.88,180.0,191.88,5612.0,H75EX
514,120.0,131.88,180.0,191.88,5832.0,H75EX
514,132.0,143.88,180.0,191.88,6053.0,H75EX
514,144.0,155.88,180.0,191.88,6224.0,H75EX
514,156.0,167.88,180.0,191.88,6444.0,H75EX
514,168.0,179.88,180.0,191.88,6665.0,H85EX
514,180.0,191.88,180.0,191.88,6886.0,H85EX
514,192.0,203.88,180.0,191.88,7106.0,H85EX
514,204.0,215.88,180.0,191.88,7327.0,H85EX
514,216.0,227.88,180.0,191.88,7547.0,H85EX
514,228.0,239.88,180.0,191.88,7768.0,H85EX
514,240.0,251.88,180.0,191.88,7989.0,H85EX
514,252.0,263.88,180.0,191.88,8209.0,H85EX
514,264.0,275.88,180.0,191.88,8430.0,H85EX
514,276.0,287.88,180.0,191.88,8651.0,H85EX
514,288.0,299.88,180.0,191.88,8871.0,H85EX
514,300.0,311.88,180.0,191.88,9092.0,H85EX
514,312.0,323.88,180.0,191.88,9511.0,H85EX
514,324.0,335.88,180.0,191.88,9725.0,H85EX
514,336.0,347.88,180.0,191.88,9939.0,H85EX
514,348.0,359.88,180.0,191.88,10153.0,H85EX
514,360.0,371.88,180.0,191.88,10366.0,H85EX
514,48.0,59.88,192.0,203.88,4627.0,H85EX
514,60.0,71.88,192.0,203.88,4853.0,H85EX
514,72.0,83.88,192.0,203.88,5078.0,H85EX
514,84.0,95.88,192.0,203.88,5304.0,H85EX
514,96.0,107.88,192.0,203.88,5529.0,H85EX
514,108.0,119.88,192.0,203.88,5755.0,H85EX
514,120.0,131.88,192.0,203.88,5980.0,H85EX
514,132.0,143.88,192.0,203.88,6206.0,H85EX
514,144.0,155.88,192.0,203.88,6378.0,H85EX
514,156.0,167.88,192.0,203.88,6603.0,H85EX
514,168.0,179.88,192.0,203.88,6829.0,H85EX
514,180.0,191.88,192.0,203.88,7054.0,H85EX
514,192.0,203.88,192.0,203.88,7280.0,H85EX
514,204.0,215.88,192.0,203.88,7505.0,H85EX
514,216.0,227.88,192.0,203.88,7731.0,H85EX
514,228.0,239.88,192.0,203.88,7956.0,H85EX
514,240.0,251.88,192.0,203.88,8181.0,H85EX
514,252.0,263.88,192.0,203.88,8407.0,H85EX
514,264.0,275.88,192.0,203.88,8632.0,H85EX
514,276.0,287.88,192.0,203.88,8858.0,H85EX
514,288.0,299.88,192.0,203.88,9083.0,H85EX
514,300.0,311.88,192.0,203.88,9309.0,H85EX
514,312.0,323.88,192.0,203.88,9733.0,H85EX
514,324.0,335.88,192.0,203.88,9951.0,H85EX
514,336.0,347.88,192.0,203.88,10170.0,H85EX
514,348.0,359.88,192.0,203.88,10389.0,H85EX
514,360.0,371.88,192.0,203.88,10607.0,H85EX
514,48.0,59.88,204.0,215.88,5055.0,H85EX
514,60.0,71.88,204.0,215.88,5278.0,H85EX
514,72.0,83.88,204.0,215.88,5501.0,H85EX
514,84.0,95.88,204.0,215.88,5725.0,H85EX
514,96.0,107.88,204.0,215.88,5948.0,H85EX
514,108.0,119.88,204.0,215.88,6172.0,H85EX
514,120.0,131.88,204.0,215.88,6395.0,H85EX
514,132.0,143.88,204.0,215.88,6619.0,H85EX
514,144.0,155.88,204.0,215.88,6786.0,H85EX
514,156.0,167.88,204.0,215.88,7009.0,H85EX
514,168.0,179.88,204.0,215.88,7233.0,H85EX
514,180.0,191.88,204.0,215.88,7456.0,H85EX
514,192.0,203.88,204.0,215.88,7680.0,H85EX
514,204.0,215.88,204.0,215.88,7903.0,H85EX
514,216.0,227.88,204.0,215.88,8127.0,H85EX
514,228.0,239.88,204.0,215.88,8350.0,H85EX
514,240.0,251.88,204.0,215.88,8573.0,H85EX
514,252.0,263.88,204.0,215.88,8797.0,H85EX
514,264.0,275.88,204.0,215.88,9020.0,H85EX
514,276.0,287.88,204.0,215.88,9244.0,H85EX
514,288.0,299.88,204.0,215.88,9467.0,H85EX
514,300.0,311.88,204.0,215.88,9691.0,H85EX
514,312.0,323.88,204.0,215.88,9914.0,H85EX
514,324.0,335.88,204.0,215.88,10138.0,H85EX
514,336.0,347.88,204.0,215.88,10361.0,H85EX
514,348.0,359.88,204.0,215.88,10585.0,H85EX
514,360.0,371.88,204.0,215.88,10808.0,H85EX
514,48.0,59.88,216.0,227.88,5173.0,H85EX
514,60.0,71.88,216.0,227.88,5402.0,H85EX
514,72.0,83.88,216.0,227.88,5630.0,H85EX
514,84.0,95.88,216.0,227.88,5858.0,H85EX
514,96.0,107.88,216.0,227.88,6086.0,H85EX
514,108.0,119.88,216.0,227.88,6315.0,H85EX
514,120.0,131.88,216.0,227.88,6543.0,H85EX
514,132.0,143.88,216.0,227.88,6771.0,H85EX
514,144.0,155.88,216.0,227.88,6940.0,H85EX
514,156.0,167.88,216.0,227.88,7168.0,H85EX
514,168.0,179.88,216.0,227.88,7397.0,H85EX
514,180.0,191.88,216.0,227.88,7625.0,H85EX
514,192.0,203.88,216.0,227.88,7853.0,H85EX
514,204.0,215.88,216.0,227.88,8081.0,H85EX
514,216.0,227.88,216.0,227.88,8310.0,H85EX
514,228.0,239.88,216.0,227.88,8538.0,H85EX
514,240.0,251.88,216.0,227.88,8766.0,H85EX
514,252.0,263.88,216.0,227.88,8994.0,H85EX
514,264.0,275.88,216.0,227.88,9223.0,H85EX
514,276.0,287.88,216.0,227.88,9451.0,H85EX
514,288.0,299.88,216.0,227.88,9679.0,H85EX
514,300.0,311.88,216.0,227.88,9908.0,H85EX
514,312.0,323.88,216.0,227.88,10136.0,H85EX
514,324.0,335.88,216.0,227.88,10364.0,H85EX
514,336.0,347.88,216.0,227.88,10592.0,H85EX
514,348.0,359.88,216.0,227.88,10821.0,H85EX
514,360.0,371.88,216.0,227.88,11049.0,H85EX
514,48.0,59.88,228.0,239.88,5252.0,H85EX
514,60.0,71.88,228.0,239.88,5485.0,H85EX
514,72.0,83.88,228.0,239.88,5718.0,H85EX
514,84.0,95.88,228.0,239.88,5951.0,H85EX
514,96.0,107.88,228.0,239.88,6184.0,H85EX
514,108.0,119.88,228.0,239.88,6417.0,H85EX
514,120.0,131.88,228.0,239.88,6651.0,H85EX
514,132.0,143.88,228.0,239.88,6884.0,H85EX
514,144.0,155.88,228.0,239.88,7054.0,H85EX
514,156.0,167.88,228.0,239.88,7287.0,H85EX
514,168.0,179.88,228.0,239.88,7520.0,H85EX
514,180.0,191.88,228.0,239.88,7753.0,H85EX
514,192.0,203.88,228.0,239.88,7987.0,H85EX
514,204.0,215.88,228.0,239.88,8220.0,H85EX
514,216.0,227.88,228.0,239.88,8453.0,H85EX
514,228.0,239.88,228.0,239.88,8686.0,H85EX
514,240.0,251.88,228.0,239.88,8919.0,H85EX
514,252.0,263.88,228.0,239.88,9152.0,H85EX
514,264.0,275.88,228.0,239.88,9385.0,H85EX
514,276.0,287.88,228.0,239.88,9618.0,H85EX
514,288.0,299.88,228.0,239.88,9851.0,H85EX
514,300.0,311.88,228.0,239.88,10084.0,H85EX
514,312.0,323.88,228.0,239.88,10317.0,H85EX
514,324.0,335.88,228.0,239.88,10550.0,H85EX
514,336.0,347.88,228.0,239.88,10784.0,H85EX
514,348.0,359.88,228.0,239.88,11017.0,H85EX
514,360.0,371.88,228.0,239.88,11250.0,H85EX
514,48.0,59.88,240.0,251.88,5371.0,H85EX
514,60.0,71.88,240.0,251.88,5609.0,H85EX
514,72.0,83.88,240.0,251.88,5847.0,H85EX
514,84.0,95.88,240.0,251.88,6085.0,H85EX
514,96.0,107.88,240.0,251.88,6322.0,H85EX
514,108.0,119.88,240.0,251.88,6560.0,H85EX
514,120.0,131.88,240.0,251.88,6798.0,H85EX
514,132.0,143.88,240.0,251.88,7036.0,H85EX
514,144.0,155.88,240.0,251.88,7208.0,H85EX
514,156.0,167.88,240.0,251.88,7446.0,H85EX
514,168.0,179.88,240.0,251.88,7684.0,H85EX
514,180.0,191.88,240.0,251.88,7922.0,H85EX
514,192.0,203.88,240.0,251.88,8160.0,H85EX
514,204.0,215.88,240.0,251.88,8398.0,H85EX
514,216.0,227.88,240.0,251.88,8636.0,H85EX
514,228.0,239.88,240.0,251.88,8874.0,H85EX
514,240.0,251.88,240.0,251.88,9112.0,H85EX
514,252.0,263.88,240.0,251.88,9350.0,H85EX
514,264.0,275.88,240.0,251.88,9587.0,H85EX
514,276.0,287.88,240.0,251.88,9825.0,H85EX
514,288.0,299.88,240.0,251.88,10063.0,H85EX
514,300.0,311.88,240.0,251.88,10301.0,H85EX
514,312.0,323.88,240.0,251.88,10539.0,H85EX
514,324.0,335.88,240.0,251.88,10777.0,H85EX
514,336.0,347.88,240.0,251.88,11015.0,H85EX
514,348.0,359.88,240.0,251.88,11253.0,H85EX
514,360.0,371.88,240.0,251.88,11491.0,H85EX
